/*
 Navicat Premium Data Transfer

 Source Server         : aliyun
 Source Server Type    : MySQL
 Source Server Version : 50732
 Source Host           : 112.126.82.110:3306
 Source Schema         : hvfish_bill

 Target Server Type    : MySQL
 Target Server Version : 50732
 File Encoding         : 65001

 Date: 11/01/2021 06:47:17
*/

SET NAMES utf8mb4;
SET FOREIGN_KEY_CHECKS = 0;

-- ----------------------------
-- Table structure for budget
-- ----------------------------
DROP TABLE IF EXISTS `budget`;
CREATE TABLE `budget` (
  `id` int(11) NOT NULL AUTO_INCREMENT,
  `user_id` int(11) DEFAULT NULL,
  `category_id` int(11) DEFAULT NULL,
  `amount` int(11) DEFAULT NULL,
  `date` datetime DEFAULT NULL,
  `create_time` datetime DEFAULT CURRENT_TIMESTAMP,
  `update_time` datetime DEFAULT CURRENT_TIMESTAMP ON UPDATE CURRENT_TIMESTAMP,
  PRIMARY KEY (`id`)
) ENGINE=InnoDB AUTO_INCREMENT=15 DEFAULT CHARSET=utf8mb4;

-- ----------------------------
-- Records of budget
-- ----------------------------
BEGIN;
INSERT INTO `budget` VALUES (1, 418, NULL, 1000, '2020-11-08 13:20:16', '2020-11-08 13:20:16', '2020-11-08 13:20:16');
INSERT INTO `budget` VALUES (2, 439, NULL, 3000, '2020-11-27 15:08:13', NULL, '2020-11-27 15:08:13');
INSERT INTO `budget` VALUES (3, 440, NULL, 222, '2020-11-11 00:54:36', '2020-11-11 00:54:38', '2020-11-11 00:54:38');
INSERT INTO `budget` VALUES (4, 443, NULL, 1000, '2020-11-11 17:11:46', '2020-11-11 17:11:47', '2020-11-11 17:11:47');
INSERT INTO `budget` VALUES (5, 447, NULL, 5000, '2020-11-11 21:20:14', '2020-11-11 21:20:15', '2020-11-11 21:20:15');
INSERT INTO `budget` VALUES (6, 453, NULL, 1500, '2020-11-13 16:23:20', '2020-11-13 16:23:21', '2020-11-13 16:23:21');
INSERT INTO `budget` VALUES (7, 458, NULL, 5000, '2020-11-18 10:24:38', '2020-11-18 10:24:39', '2020-11-18 10:24:39');
INSERT INTO `budget` VALUES (8, 370, NULL, 100, '2020-11-28 16:29:31', NULL, '2020-11-28 16:29:32');
INSERT INTO `budget` VALUES (9, 480, NULL, 100000, '2020-12-02 11:24:16', NULL, '2020-12-02 11:24:18');
INSERT INTO `budget` VALUES (10, 488, NULL, 9000, '2020-12-05 15:55:29', '2020-12-05 15:55:29', '2020-12-05 15:55:29');
INSERT INTO `budget` VALUES (11, 317, NULL, 400, '2020-12-24 10:24:56', '2020-12-24 10:24:58', '2020-12-24 10:24:58');
INSERT INTO `budget` VALUES (12, 392, NULL, 1000, '2020-12-31 00:57:54', '2020-12-31 00:57:55', '2020-12-31 00:57:55');
INSERT INTO `budget` VALUES (13, 527, NULL, 300000, '2021-01-06 09:24:51', '2021-01-06 09:24:50', '2021-01-06 09:24:50');
INSERT INTO `budget` VALUES (14, 387, NULL, 58, '2021-01-09 22:48:58', '2021-01-09 22:48:59', '2021-01-09 22:48:59');
COMMIT;

-- ----------------------------
-- Table structure for category
-- ----------------------------
DROP TABLE IF EXISTS `category`;
CREATE TABLE `category` (
  `id` int(11) NOT NULL AUTO_INCREMENT COMMENT '主键',
  `icon` varchar(255) DEFAULT NULL COMMENT '图标',
  `name` varchar(255) DEFAULT NULL COMMENT '名字',
  `create_time` datetime DEFAULT CURRENT_TIMESTAMP,
  `update_time` datetime DEFAULT CURRENT_TIMESTAMP ON UPDATE CURRENT_TIMESTAMP,
  PRIMARY KEY (`id`)
) ENGINE=InnoDB AUTO_INCREMENT=21 DEFAULT CHARSET=utf8mb4;

-- ----------------------------
-- Records of category
-- ----------------------------
BEGIN;
INSERT INTO `category` VALUES (1, 'https://yuntu-account.oss-cn-hangzhou.aliyuncs.com/eat.png', '三餐', '2020-11-08 13:19:48', '2020-11-08 13:19:48');
INSERT INTO `category` VALUES (2, 'https://yuntu-account.oss-cn-hangzhou.aliyuncs.com/shopping.png', '购物', '2020-11-08 13:19:48', '2020-11-08 13:19:48');
INSERT INTO `category` VALUES (3, 'https://yuntu-account.oss-cn-hangzhou.aliyuncs.com/sock.png', '零食', '2020-11-08 13:19:48', '2020-11-08 13:19:48');
INSERT INTO `category` VALUES (4, 'https://yuntu-account.oss-cn-hangzhou.aliyuncs.com/fruit.png', '水果', '2020-11-08 13:19:48', '2020-11-08 13:19:48');
INSERT INTO `category` VALUES (5, 'https://yuntu-account.oss-cn-hangzhou.aliyuncs.com/plane.png', '出行', '2020-11-08 13:19:48', '2020-11-08 13:19:48');
INSERT INTO `category` VALUES (6, 'https://yuntu-account.oss-cn-hangzhou.aliyuncs.com/car.png', '修车', '2020-11-08 13:19:48', '2020-11-08 13:19:48');
INSERT INTO `category` VALUES (7, 'https://yuntu-account.oss-cn-hangzhou.aliyuncs.com/education.png', '学习', '2020-11-08 13:19:48', '2020-11-08 13:19:48');
INSERT INTO `category` VALUES (8, 'https://yuntu-account.oss-cn-hangzhou.aliyuncs.com/children.png', '小孩', '2020-11-08 13:19:48', '2020-11-08 13:19:48');
INSERT INTO `category` VALUES (9, 'https://yuntu-account.oss-cn-hangzhou.aliyuncs.com/gift.png', '送礼', '2020-11-08 13:19:48', '2020-11-08 13:19:48');
INSERT INTO `category` VALUES (10, 'https://yuntu-account.oss-cn-hangzhou.aliyuncs.com/pet.png', '宠物', '2020-11-08 13:19:48', '2020-11-08 13:19:48');
INSERT INTO `category` VALUES (11, 'https://yuntu-account.oss-cn-hangzhou.aliyuncs.com/skip.png', '护肤', '2020-11-08 13:19:48', '2020-11-08 13:19:48');
INSERT INTO `category` VALUES (12, 'https://yuntu-account.oss-cn-hangzhou.aliyuncs.com/phone.png', '通讯', '2020-11-08 13:19:48', '2020-11-08 13:19:48');
INSERT INTO `category` VALUES (13, 'https://yuntu-account.oss-cn-hangzhou.aliyuncs.com/salary.png', '工资', '2020-11-08 13:19:48', '2020-11-08 13:19:48');
INSERT INTO `category` VALUES (14, 'https://yuntu-account.oss-cn-hangzhou.aliyuncs.com/bonus.png', '奖金', '2020-11-08 13:19:48', '2020-11-08 13:19:48');
INSERT INTO `category` VALUES (15, 'https://yuntu-account.oss-cn-hangzhou.aliyuncs.com/financing.png', '理财', '2020-11-08 13:19:48', '2020-11-08 13:19:48');
INSERT INTO `category` VALUES (16, 'https://yuntu-account.oss-cn-hangzhou.aliyuncs.com/lifefee.png', '生活费', '2020-11-08 13:19:48', '2020-11-08 13:19:48');
INSERT INTO `category` VALUES (17, 'https://yuntu-account.oss-cn-hangzhou.aliyuncs.com/vicejob.png', '兼职', '2020-11-08 13:19:48', '2020-11-08 13:19:48');
INSERT INTO `category` VALUES (18, 'https://yuntu-account.oss-cn-hangzhou.aliyuncs.com/wipeout.png', '报销', '2020-11-08 13:19:48', '2020-11-08 13:19:48');
INSERT INTO `category` VALUES (19, 'https://yuntu-account.oss-cn-hangzhou.aliyuncs.com/refund.png', '退款', '2020-11-08 13:19:48', '2020-11-08 13:19:48');
INSERT INTO `category` VALUES (20, 'https://yuntu-account.oss-cn-hangzhou.aliyuncs.com/gift.png', NULL, '2020-11-08 13:19:48', '2020-11-08 13:19:48');
COMMIT;

-- ----------------------------
-- Table structure for record
-- ----------------------------
DROP TABLE IF EXISTS `record`;
CREATE TABLE `record` (
  `id` int(11) NOT NULL AUTO_INCREMENT COMMENT '主键',
  `user_id` int(11) DEFAULT NULL COMMENT '用户ID',
  `category_id` int(11) DEFAULT NULL COMMENT '分类ID',
  `amount` decimal(10,2) NOT NULL COMMENT '金额',
  `remark` varchar(255) DEFAULT '' COMMENT '备注',
  `type` tinyint(1) DEFAULT '0' COMMENT '0-支出 1-收入',
  `record_time` date DEFAULT NULL COMMENT '记录时间',
  `create_time` datetime DEFAULT CURRENT_TIMESTAMP COMMENT '创建时间',
  `update_time` datetime DEFAULT CURRENT_TIMESTAMP ON UPDATE CURRENT_TIMESTAMP COMMENT '更新时间',
  PRIMARY KEY (`id`),
  KEY ```idx_user_id``` (`user_id`) USING BTREE
) ENGINE=InnoDB AUTO_INCREMENT=529 DEFAULT CHARSET=utf8mb4;

-- ----------------------------
-- Records of record
-- ----------------------------
BEGIN;
INSERT INTO `record` VALUES (312, 314, 1, 16.00, '蛋炒饭', 0, '2020-11-02', '2020-11-02 21:24:19', '2020-11-02 21:24:19');
INSERT INTO `record` VALUES (313, 314, 1, 18.00, '板面', 0, '2020-11-02', '2020-11-02 21:27:20', '2020-11-02 21:27:20');
INSERT INTO `record` VALUES (327, 319, 1, 25.00, '开封菜', 0, '2020-11-03', '2020-11-03 12:37:10', '2020-11-03 12:37:10');
INSERT INTO `record` VALUES (328, 319, 1, 35.00, '麦当劳', 0, '2020-11-03', '2020-11-03 12:38:03', '2020-11-03 12:38:03');
INSERT INTO `record` VALUES (330, 322, 1, 1.00, NULL, 0, '2020-11-03', '2020-11-03 14:36:59', '2020-11-03 14:36:59');
INSERT INTO `record` VALUES (331, 322, 3, 2.00, NULL, 0, '2020-11-03', '2020-11-03 14:37:05', '2020-11-03 14:37:05');
INSERT INTO `record` VALUES (332, 322, 13, 10.00, NULL, 1, '2020-11-03', '2020-11-03 14:37:24', '2020-11-03 14:37:24');
INSERT INTO `record` VALUES (335, 325, 13, 444.00, NULL, 1, '2020-11-03', '2020-11-03 15:09:54', '2020-11-03 15:09:54');
INSERT INTO `record` VALUES (337, 319, 1, 66.00, NULL, 0, '2020-11-03', '2020-11-03 16:30:02', '2020-11-03 16:30:02');
INSERT INTO `record` VALUES (339, 328, 13, 99999666.00, '得了', 1, '2020-11-03', '2020-11-03 16:50:55', '2020-11-03 16:50:55');
INSERT INTO `record` VALUES (340, 328, 7, 6666.00, NULL, 0, '2020-11-03', '2020-11-03 16:51:06', '2020-11-03 16:51:06');
INSERT INTO `record` VALUES (341, 329, 17, 4.00, NULL, 1, '2020-11-03', '2020-11-03 17:00:30', '2020-11-03 17:00:30');
INSERT INTO `record` VALUES (342, 330, 1, 10.00, NULL, 0, '2020-11-03', '2020-11-03 17:11:22', '2020-11-03 17:11:22');
INSERT INTO `record` VALUES (343, 326, 1, 30.00, NULL, 0, '2020-11-03', '2020-11-03 17:24:23', '2020-11-03 17:24:23');
INSERT INTO `record` VALUES (346, 333, 3, 41.00, '巴巴', 0, '2020-11-03', '2020-11-03 17:33:06', '2020-11-03 17:33:06');
INSERT INTO `record` VALUES (347, 333, 3, 41.00, '巴巴', 0, '2020-11-03', NULL, '2020-11-03 17:33:18');
INSERT INTO `record` VALUES (348, 333, 4, 46.00, '问一下', 0, '2020-11-03', '2020-11-03 17:33:32', '2020-11-03 17:33:32');
INSERT INTO `record` VALUES (349, 333, 4, 46.00, '问一下', 0, '2020-11-03', '2020-11-03 17:33:32', '2020-11-03 17:33:32');
INSERT INTO `record` VALUES (350, 333, 7, 15.00, '你看看', 0, '2020-11-03', '2020-11-03 17:33:55', '2020-11-03 17:33:55');
INSERT INTO `record` VALUES (351, 333, 7, 15.00, '你看看', 0, '2020-11-03', '2020-11-03 17:33:55', '2020-11-03 17:33:55');
INSERT INTO `record` VALUES (352, 333, 7, 15.00, '你看看', 0, '2020-11-03', '2020-11-03 17:33:56', '2020-11-03 17:33:56');
INSERT INTO `record` VALUES (353, 333, 7, 15.00, '你看看', 0, '2020-11-03', '2020-11-03 17:33:56', '2020-11-03 17:33:56');
INSERT INTO `record` VALUES (354, 333, 7, 15.00, '你看看', 0, '2020-11-03', '2020-11-03 17:33:56', '2020-11-03 17:33:56');
INSERT INTO `record` VALUES (355, 326, 5, 88.00, NULL, 0, '2020-11-03', '2020-11-03 17:35:25', '2020-11-03 17:35:25');
INSERT INTO `record` VALUES (356, 326, 10, 467.00, NULL, 0, '2020-11-03', '2020-11-03 17:35:30', '2020-11-03 17:35:30');
INSERT INTO `record` VALUES (357, 335, 2, 3322.00, NULL, 0, '2020-11-03', '2020-11-03 18:04:51', '2020-11-03 18:04:51');
INSERT INTO `record` VALUES (360, 342, 1, 555.00, NULL, 0, '2022-01-03', '2020-11-03 18:12:40', '2020-11-03 18:12:40');
INSERT INTO `record` VALUES (369, 347, 1, 20.00, NULL, 0, '2020-11-03', '2020-11-03 18:25:54', '2020-11-03 18:25:54');
INSERT INTO `record` VALUES (370, 347, 1, 80.00, NULL, 0, '2020-11-03', '2020-11-03 18:25:59', '2020-11-03 18:25:59');
INSERT INTO `record` VALUES (371, 347, 1, 33.00, NULL, 0, '2020-11-03', '2020-11-03 18:26:04', '2020-11-03 18:26:04');
INSERT INTO `record` VALUES (377, 342, 1, 19.00, NULL, 0, '2020-11-03', NULL, '2020-11-03 19:38:58');
INSERT INTO `record` VALUES (378, 346, 1, 13.00, NULL, 0, '2020-11-03', '2020-11-03 19:18:58', '2020-11-03 19:18:58');
INSERT INTO `record` VALUES (379, 342, 2, 12.00, '早饭', 0, '2020-11-03', NULL, '2020-11-03 23:18:32');
INSERT INTO `record` VALUES (382, 357, 1, 100.00, NULL, 0, '2020-11-03', '2020-11-03 21:00:33', '2020-11-03 21:00:33');
INSERT INTO `record` VALUES (383, 360, 1, 10.00, '早饭', 0, '2020-11-03', '2020-11-03 22:53:19', '2020-11-03 22:53:19');
INSERT INTO `record` VALUES (384, 360, 3, 15.00, NULL, 0, '2020-11-03', '2020-11-03 22:53:50', '2020-11-03 22:53:50');
INSERT INTO `record` VALUES (385, 361, 8, 566.00, '后几季', 0, '2020-11-03', '2020-11-03 23:09:08', '2020-11-03 23:09:08');
INSERT INTO `record` VALUES (386, 362, 2, 111.00, NULL, 0, '2020-11-03', '2020-11-03 23:37:23', '2020-11-03 23:37:23');
INSERT INTO `record` VALUES (387, 362, 13, 8888.00, NULL, 1, '2020-11-03', '2020-11-03 23:37:39', '2020-11-03 23:37:39');
INSERT INTO `record` VALUES (388, 363, 5, 3.80, '地铁', 0, '2020-11-03', '2020-11-03 23:39:39', '2020-11-03 23:39:39');
INSERT INTO `record` VALUES (389, 364, 1, 1000.00, NULL, 0, '2020-11-04', '2020-11-04 00:32:30', '2020-11-04 00:32:30');
INSERT INTO `record` VALUES (390, 364, 5, 50.00, NULL, 0, '2020-11-04', NULL, '2020-11-04 00:33:28');
INSERT INTO `record` VALUES (392, 364, 5, 800.00, '废物利用', 1, '2020-11-04', '2020-11-04 00:34:06', '2020-11-04 00:34:06');
INSERT INTO `record` VALUES (393, 365, 8, 12.00, NULL, 0, '2020-11-04', '2020-11-04 10:16:04', '2020-11-04 10:16:04');
INSERT INTO `record` VALUES (394, 366, 1, 58.00, NULL, 0, '2020-11-04', '2020-11-04 10:32:10', '2020-11-04 10:32:10');
INSERT INTO `record` VALUES (395, 366, 1, 63.00, NULL, 0, '2020-11-04', '2020-11-04 10:33:21', '2020-11-04 10:33:21');
INSERT INTO `record` VALUES (397, 346, 1, 4.80, NULL, 0, '2020-11-04', '2020-11-04 12:42:28', '2020-11-04 12:42:28');
INSERT INTO `record` VALUES (398, 346, 1, 10.00, NULL, 0, '2020-11-04', '2020-11-04 12:42:33', '2020-11-04 12:42:33');
INSERT INTO `record` VALUES (399, 319, 2, 258.00, '高达', 0, '2020-11-04', '2020-11-04 14:27:19', '2020-11-04 14:27:19');
INSERT INTO `record` VALUES (400, 319, 13, 14470.25, NULL, 1, '2020-11-04', '2020-11-04 14:27:58', '2020-11-04 14:27:58');
INSERT INTO `record` VALUES (401, 346, 1, 9.00, NULL, 0, '2020-11-04', '2020-11-04 17:19:43', '2020-11-04 17:19:43');
INSERT INTO `record` VALUES (405, 342, 1, 10.00, NULL, 0, '2020-11-04', '2020-11-04 18:23:19', '2020-11-04 18:23:19');
INSERT INTO `record` VALUES (406, 342, 1, 9.00, NULL, 0, '2020-11-04', '2020-11-04 18:23:22', '2020-11-04 18:23:22');
INSERT INTO `record` VALUES (407, 378, 1, 14.00, NULL, 0, '2020-11-04', '2020-11-04 20:47:28', '2020-11-04 20:47:28');
INSERT INTO `record` VALUES (409, 381, 1, 5.00, '早餐', 0, '2020-11-05', '2020-11-05 09:36:37', '2020-11-05 09:36:37');
INSERT INTO `record` VALUES (410, 383, 19, 12445444.00, NULL, 1, '2020-11-05', '2020-11-05 10:29:10', '2020-11-05 10:29:10');
INSERT INTO `record` VALUES (412, 342, 1, 33.00, NULL, 0, '2020-11-05', '2020-11-05 11:23:01', '2020-11-05 11:23:01');
INSERT INTO `record` VALUES (414, 387, 1, 66.00, NULL, 0, '2020-11-05', '2020-11-05 14:19:01', '2020-11-05 14:19:01');
INSERT INTO `record` VALUES (415, 342, 1, 366.00, NULL, 0, '2020-11-05', '2020-11-05 14:33:42', '2020-11-05 14:33:42');
INSERT INTO `record` VALUES (416, 390, 1, 5985.00, '还款礼', 0, '2020-11-05', '2020-11-05 17:56:40', '2020-11-05 17:56:40');
INSERT INTO `record` VALUES (418, 392, 16, 2.99, NULL, 1, '2020-11-05', '2020-11-05 21:47:26', '2020-11-05 21:47:26');
INSERT INTO `record` VALUES (419, 342, 1, 333.00, NULL, 0, '2020-11-06', '2020-11-06 14:34:29', '2020-11-06 14:34:29');
INSERT INTO `record` VALUES (420, 390, 2, 555.00, '试试水', 0, '2020-11-06', '2020-11-06 16:25:45', '2020-11-06 16:25:45');
INSERT INTO `record` VALUES (421, 390, 14, 5888.00, NULL, 1, '2020-11-06', '2020-11-06 16:29:13', '2020-11-06 16:29:13');
INSERT INTO `record` VALUES (422, 405, 1, 6947.00, NULL, 0, '2020-11-06', '2020-11-06 17:49:20', '2020-11-06 17:49:20');
INSERT INTO `record` VALUES (424, 418, 7, 98894.00, NULL, 0, '2020-11-07', NULL, '2020-11-08 13:24:49');
INSERT INTO `record` VALUES (425, 418, 1, 3362.00, '', 0, '2020-11-08', '2020-11-08 13:21:34', '2020-11-08 13:21:34');
INSERT INTO `record` VALUES (426, 418, 1, 347.98, '', 0, '2020-11-08', '2020-11-08 13:27:58', '2020-11-08 13:27:58');
INSERT INTO `record` VALUES (427, 381, 1, 68.00, '早晨煎饼果子，中午自己买菜做的饭', 0, '2020-11-08', '2020-11-08 15:35:34', '2020-11-08 15:35:34');
INSERT INTO `record` VALUES (428, 381, 3, 13.00, '买了一盒牛奶', 0, '2020-11-08', '2020-11-08 15:42:05', '2020-11-08 15:42:05');
INSERT INTO `record` VALUES (431, 381, 2, 22.00, '', 1, '2020-11-08', '2020-11-08 15:43:00', '2020-11-08 15:43:00');
INSERT INTO `record` VALUES (434, 381, 7, 12.00, '买了课程', 0, '2020-11-05', '2020-11-08 15:56:29', '2020-11-08 15:56:29');
INSERT INTO `record` VALUES (435, 350, 7, 568.00, '', 0, '2020-11-08', '2020-11-08 22:36:14', '2020-11-08 22:36:14');
INSERT INTO `record` VALUES (437, 319, 7, 521.00, '', 0, '2020-11-09', '2020-11-09 23:07:15', '2020-11-09 23:07:15');
INSERT INTO `record` VALUES (438, 319, 1, 33311.00, '', 0, '2020-11-09', '2020-11-09 23:07:22', '2020-11-09 23:07:22');
INSERT INTO `record` VALUES (439, 319, 9, 3331.00, '', 0, '2020-11-09', '2020-11-09 23:07:32', '2020-11-09 23:07:32');
INSERT INTO `record` VALUES (441, 435, 1, 111.00, '', 0, '2020-11-10', '2020-11-10 05:59:34', '2020-11-10 05:59:34');
INSERT INTO `record` VALUES (442, 435, 1, 111.00, '', 0, '2020-11-10', '2020-11-10 05:59:35', '2020-11-10 05:59:35');
INSERT INTO `record` VALUES (443, 435, 1, 111.00, '', 0, '2020-11-10', '2020-11-10 05:59:35', '2020-11-10 05:59:35');
INSERT INTO `record` VALUES (445, 350, 5, 1206.00, '', 0, '2020-11-10', '2020-11-10 12:26:23', '2020-11-10 12:26:23');
INSERT INTO `record` VALUES (446, 440, 1, 6666.00, '', 0, '2020-11-11', '2020-11-11 00:54:46', '2020-11-11 00:54:46');
INSERT INTO `record` VALUES (447, 442, 1, 86.00, '', 0, '2020-11-11', '2020-11-11 13:46:28', '2020-11-11 13:46:28');
INSERT INTO `record` VALUES (448, 442, 1, 22.00, '', 0, '2020-11-11', '2020-11-11 20:04:38', '2020-11-11 20:04:38');
INSERT INTO `record` VALUES (449, 442, 3, 7.00, '肉松蛋糕', 0, '2020-11-11', '2020-11-11 20:05:02', '2020-11-11 20:05:02');
INSERT INTO `record` VALUES (450, 447, 1, 1234.00, '', 0, '2020-11-11', '2020-11-11 21:19:31', '2020-11-11 21:19:31');
INSERT INTO `record` VALUES (451, 447, 1, 365.00, '', 0, '2020-11-11', '2020-11-11 21:19:36', '2020-11-11 21:19:36');
INSERT INTO `record` VALUES (452, 447, 1, 6558.00, '哈哈哈', 0, '2020-11-10', '2020-11-11 21:19:48', '2020-11-11 21:19:48');
INSERT INTO `record` VALUES (453, 442, 1, 4.00, '', 0, '2020-11-12', '2020-11-12 09:52:20', '2020-11-12 09:52:20');
INSERT INTO `record` VALUES (454, 451, 1, 25.00, '', 0, '2020-11-12', '2020-11-12 19:26:46', '2020-11-12 19:26:46');
INSERT INTO `record` VALUES (455, 451, 13, 15000.00, '', 1, '2020-11-12', '2020-11-12 19:27:01', '2020-11-12 19:27:01');
INSERT INTO `record` VALUES (456, 442, 1, 23.90, '', 0, '2020-11-12', '2020-11-12 19:58:15', '2020-11-12 19:58:15');
INSERT INTO `record` VALUES (462, 458, 13, 500.00, '', 1, '2020-11-18', '2020-11-18 10:25:13', '2020-11-18 10:25:13');
INSERT INTO `record` VALUES (465, 370, 1, 11.00, '工作', 0, '2020-11-20', '2020-11-20 17:44:49', '2020-11-20 17:44:49');
INSERT INTO `record` VALUES (467, 428, 1, 555.00, '', 0, '2020-11-21', '2020-11-21 16:50:23', '2020-11-21 16:50:23');
INSERT INTO `record` VALUES (468, 428, 8, 66.00, '', 0, '2020-11-21', '2020-11-21 17:07:25', '2020-11-21 17:07:25');
INSERT INTO `record` VALUES (469, 317, 1, 1.00, '', 0, '2020-11-22', '2020-11-22 01:10:21', '2020-11-22 01:10:21');
INSERT INTO `record` VALUES (470, 428, 17, 3.00, '', 1, '2020-11-23', '2020-11-23 11:45:14', '2020-11-23 11:45:14');
INSERT INTO `record` VALUES (471, 471, 1, 12.00, '', 0, '2020-11-23', '2020-11-23 16:15:07', '2020-11-23 16:15:07');
INSERT INTO `record` VALUES (472, 428, 1, 998.00, '', 0, '2020-11-25', '2020-11-25 13:09:57', '2020-11-25 13:09:57');
INSERT INTO `record` VALUES (473, 428, 1, 33.00, '', 0, '2020-11-25', '2020-11-25 13:10:03', '2020-11-25 13:10:03');
INSERT INTO `record` VALUES (474, 428, 1, 1111.00, '', 0, '2020-11-25', '2020-11-25 13:10:12', '2020-11-25 13:10:12');
INSERT INTO `record` VALUES (475, 439, 1, 25.00, '正常吃', 0, '2020-11-27', NULL, '2020-11-27 15:10:12');
INSERT INTO `record` VALUES (476, 439, 13, 200.00, '', 1, '2020-11-27', '2020-11-27 15:07:08', '2020-11-27 15:07:08');
INSERT INTO `record` VALUES (477, 439, 7, 300.00, '这么', 0, '2020-11-27', NULL, '2020-11-27 15:10:25');
INSERT INTO `record` VALUES (478, 442, 1, 999.00, '', 0, '2020-12-01', '2020-12-01 23:34:41', '2020-12-01 23:34:41');
INSERT INTO `record` VALUES (479, 480, 5, 13565.00, '打架', 0, '2020-12-02', '2020-12-02 11:23:39', '2020-12-02 11:23:39');
INSERT INTO `record` VALUES (480, 480, 1, 666.00, '', 0, '2020-12-02', '2020-12-02 11:23:47', '2020-12-02 11:23:47');
INSERT INTO `record` VALUES (481, 483, 1, 9.00, '嗯', 0, '2020-12-03', '2020-12-03 14:40:42', '2020-12-03 14:40:42');
INSERT INTO `record` VALUES (482, 486, 1, 111.00, '', 0, '2020-12-04', '2020-12-04 04:58:50', '2020-12-04 04:58:50');
INSERT INTO `record` VALUES (483, 486, 1, 111.00, '', 0, '2020-12-04', '2020-12-04 04:58:50', '2020-12-04 04:58:50');
INSERT INTO `record` VALUES (484, 486, 1, 111.00, '', 0, '2020-12-04', '2020-12-04 04:58:51', '2020-12-04 04:58:51');
INSERT INTO `record` VALUES (485, 488, 1, 31.00, '', 0, '2020-12-05', '2020-12-05 15:55:00', '2020-12-05 15:55:00');
INSERT INTO `record` VALUES (486, 490, 6, 111111.00, '', 0, '2020-12-09', '2020-12-09 16:33:40', '2020-12-09 16:33:40');
INSERT INTO `record` VALUES (488, 314, 1, 14.50, '', 0, '2020-12-09', '2020-12-09 22:15:04', '2020-12-09 22:15:04');
INSERT INTO `record` VALUES (489, 492, 10, 652.00, '', 0, '2020-12-10', '2020-12-10 11:31:25', '2020-12-10 11:31:25');
INSERT INTO `record` VALUES (490, 428, 1, 155.00, '', 0, '2020-12-13', '2020-12-13 12:25:53', '2020-12-13 12:25:53');
INSERT INTO `record` VALUES (491, 498, 1, 200.00, '吃饭', 0, '2020-12-10', '2020-12-13 13:08:53', '2020-12-13 13:08:53');
INSERT INTO `record` VALUES (492, 500, 2, 1100.00, '', 0, '2020-12-15', '2020-12-15 17:28:03', '2020-12-15 17:28:03');
INSERT INTO `record` VALUES (494, 317, 1, 298.00, '豆油', 0, '2020-12-24', '2020-12-24 10:22:17', '2020-12-24 10:22:17');
INSERT INTO `record` VALUES (495, 317, 1, 100.00, '大米', 0, '2020-12-24', '2020-12-24 10:22:59', '2020-12-24 10:22:59');
INSERT INTO `record` VALUES (496, 317, 13, 1000.00, '', 1, '2020-12-24', '2020-12-24 10:24:10', '2020-12-24 10:24:10');
INSERT INTO `record` VALUES (497, 509, 1, 111.00, '', 0, '2020-12-24', '2020-12-24 12:03:26', '2020-12-24 12:03:26');
INSERT INTO `record` VALUES (498, 509, 1, 111.00, '', 0, '2020-12-24', '2020-12-24 12:03:27', '2020-12-24 12:03:27');
INSERT INTO `record` VALUES (499, 509, 1, 111.00, '', 0, '2020-12-24', '2020-12-24 12:03:27', '2020-12-24 12:03:27');
INSERT INTO `record` VALUES (501, 513, 1, 56.00, '', 0, '2020-12-25', '2020-12-25 16:45:10', '2020-12-25 16:45:10');
INSERT INTO `record` VALUES (502, 513, 3, 223.00, '', 0, '2020-12-25', '2020-12-25 16:45:16', '2020-12-25 16:45:16');
INSERT INTO `record` VALUES (504, 317, 1, 12.00, '', 0, '2020-12-30', '2020-12-30 13:22:06', '2020-12-30 13:22:06');
INSERT INTO `record` VALUES (505, 317, 4, 35.00, '', 0, '2020-12-30', '2020-12-30 13:22:33', '2020-12-30 13:22:33');
INSERT INTO `record` VALUES (506, 317, 7, 5.00, '', 0, '2020-12-30', '2020-12-30 13:22:48', '2020-12-30 13:22:48');
INSERT INTO `record` VALUES (507, 317, 1, 50.00, '', 0, '2020-12-30', '2020-12-30 13:23:03', '2020-12-30 13:23:03');
INSERT INTO `record` VALUES (508, 514, 1, 1.00, '', 0, '2020-12-30', '2020-12-30 14:13:02', '2020-12-30 14:13:02');
INSERT INTO `record` VALUES (509, 514, 4, 10.00, '', 0, '2020-12-30', '2020-12-30 14:42:51', '2020-12-30 14:42:51');
INSERT INTO `record` VALUES (510, 392, 1, 111.00, '', 0, '2020-12-31', '2020-12-31 01:00:31', '2020-12-31 01:00:31');
INSERT INTO `record` VALUES (511, 514, 1, 1.00, '', 0, '2021-01-01', '2021-01-01 10:20:45', '2021-01-01 10:20:45');
INSERT INTO `record` VALUES (512, 514, 1, 2.00, '', 0, '2021-01-01', '2021-01-01 10:20:53', '2021-01-01 10:20:53');
INSERT INTO `record` VALUES (513, 514, 1, 3.00, '', 0, '2021-01-01', '2021-01-01 10:20:57', '2021-01-01 10:20:57');
INSERT INTO `record` VALUES (514, 514, 2, 4.00, '', 0, '2021-01-01', NULL, '2021-01-01 10:23:16');
INSERT INTO `record` VALUES (515, 514, 7, 5.00, '', 0, '2021-01-01', '2021-01-01 10:21:11', '2021-01-01 10:21:11');
INSERT INTO `record` VALUES (516, 514, 1, 6.00, '', 0, '2021-01-01', NULL, '2021-01-01 10:21:27');
INSERT INTO `record` VALUES (517, 514, 1, 7.00, '', 0, '2021-01-01', NULL, '2021-01-01 10:21:34');
INSERT INTO `record` VALUES (518, 514, 8, 8.00, '', 0, '2021-01-01', '2021-01-01 10:21:44', '2021-01-01 10:21:44');
INSERT INTO `record` VALUES (519, 514, 9, 9.00, '', 0, '2021-01-01', '2021-01-01 10:21:50', '2021-01-01 10:21:50');
INSERT INTO `record` VALUES (520, 514, 6, 10.00, '', 0, '2021-01-01', '2021-01-01 10:21:58', '2021-01-01 10:21:58');
INSERT INTO `record` VALUES (521, 514, 3, 11.00, '', 0, '2021-01-01', '2021-01-01 10:22:11', '2021-01-01 10:22:11');
INSERT INTO `record` VALUES (523, 517, 1, 25.00, '', 0, '2021-01-04', '2021-01-04 01:29:29', '2021-01-04 01:29:29');
INSERT INTO `record` VALUES (525, 528, 1, 36.00, '啥啊这是', 0, '2021-01-06', '2021-01-06 17:47:49', '2021-01-06 17:47:49');
INSERT INTO `record` VALUES (527, 428, 1, 66.00, '', 0, '2021-01-10', '2021-01-10 16:55:51', '2021-01-10 16:55:51');
INSERT INTO `record` VALUES (528, 428, 1, 33.00, '', 0, '2021-01-10', '2021-01-10 16:56:05', '2021-01-10 16:56:05');
COMMIT;

-- ----------------------------
-- Table structure for user
-- ----------------------------
DROP TABLE IF EXISTS `user`;
CREATE TABLE `user` (
  `id` int(11) NOT NULL AUTO_INCREMENT COMMENT '主键',
  `openid` varchar(255) DEFAULT NULL COMMENT '微信唯一ID',
  `nickname` varchar(255) DEFAULT NULL COMMENT '昵称',
  `avatar` varchar(255) DEFAULT NULL COMMENT '头像',
  `create_time` datetime DEFAULT CURRENT_TIMESTAMP,
  `update_time` datetime DEFAULT CURRENT_TIMESTAMP ON UPDATE CURRENT_TIMESTAMP,
  PRIMARY KEY (`id`)
) ENGINE=InnoDB AUTO_INCREMENT=534 DEFAULT CHARSET=utf8mb4;

-- ----------------------------
-- Records of user
-- ----------------------------
BEGIN;
INSERT INTO `user` VALUES (314, 'o-lGo5MqnPSkjsAFd1S7SgapdGfU', NULL, NULL, '2020-11-02 21:23:13', '2020-11-02 21:23:13');
INSERT INTO `user` VALUES (315, 'o-lGo5IIK3u60Ya3N6fo3sGBlrDs', NULL, NULL, '2020-11-02 21:56:04', '2020-11-02 21:56:04');
INSERT INTO `user` VALUES (316, 'o-lGo5GHq1q8-aPC1KcxSeDttFhU', NULL, NULL, '2020-11-02 21:56:29', '2020-11-02 21:56:29');
INSERT INTO `user` VALUES (317, 'o-lGo5CbZbFIToVjLLOEOUjk1f2g', NULL, NULL, '2020-11-03 07:24:19', '2020-11-03 07:24:19');
INSERT INTO `user` VALUES (318, 'o-lGo5D84gk9VxeDLOKSaivd563o', NULL, NULL, '2020-11-03 11:55:45', '2020-11-03 11:55:45');
INSERT INTO `user` VALUES (319, 'o-lGo5Au5Y1tpS8jvlo_6t8WeWFw', NULL, NULL, '2020-11-03 12:02:28', '2020-11-03 12:02:28');
INSERT INTO `user` VALUES (320, 'o-lGo5NK8fGxyTaCf-NLIo-ylA-M', NULL, NULL, '2020-11-03 14:19:34', '2020-11-03 14:19:34');
INSERT INTO `user` VALUES (321, 'o-lGo5KUsyNBsyYb6CvP5fC3ug1g', NULL, NULL, '2020-11-03 14:36:16', '2020-11-03 14:36:16');
INSERT INTO `user` VALUES (322, 'o-lGo5HkcXo0W7N-Ap9q2cmyiDoM', NULL, NULL, '2020-11-03 14:36:18', '2020-11-03 14:36:18');
INSERT INTO `user` VALUES (323, 'o-lGo5Ju96CqVvyOb5_cf5legwDQ', NULL, NULL, '2020-11-03 14:37:58', '2020-11-03 14:37:58');
INSERT INTO `user` VALUES (324, 'o-lGo5B666CztAIgP2ATQQHvdxbA', NULL, NULL, '2020-11-03 14:52:17', '2020-11-03 14:52:17');
INSERT INTO `user` VALUES (327, 'o-lGo5POwHEp2iXFbC8pyGuhRjHY', NULL, NULL, '2020-11-03 16:29:43', '2020-11-03 16:29:43');
INSERT INTO `user` VALUES (328, 'o-lGo5P_wahv2TRK56A3yLYyYRrs', NULL, NULL, '2020-11-03 16:49:26', '2020-11-03 16:49:26');
INSERT INTO `user` VALUES (329, 'o-lGo5NDzFR4tZlqm5QFfXang4iM', NULL, NULL, '2020-11-03 17:00:03', '2020-11-03 17:00:03');
INSERT INTO `user` VALUES (330, 'o-lGo5PcuXfLD8QFCSiBT01N2m-A', NULL, NULL, '2020-11-03 17:11:02', '2020-11-03 17:11:02');
INSERT INTO `user` VALUES (331, 'o-lGo5K110O4-ea1DAwRtUjzPK-s', NULL, NULL, '2020-11-03 17:13:28', '2020-11-03 17:13:28');
INSERT INTO `user` VALUES (332, 'o-lGo5HDuNJcYEUUoLSHyZH-F0bM', NULL, NULL, '2020-11-03 17:17:07', '2020-11-03 17:17:07');
INSERT INTO `user` VALUES (333, 'o-lGo5CHKQ1L4fXU1Yaqsg2AwR6c', NULL, NULL, '2020-11-03 17:30:11', '2020-11-03 17:30:11');
INSERT INTO `user` VALUES (334, 'o-lGo5NPHwm1GirxvKMoE2TdeVm8', NULL, NULL, '2020-11-03 18:03:32', '2020-11-03 18:03:32');
INSERT INTO `user` VALUES (335, 'o-lGo5Da_t--zIhIK9nZVsW2Tcfc', NULL, NULL, '2020-11-03 18:04:01', '2020-11-03 18:04:01');
INSERT INTO `user` VALUES (336, 'o-lGo5CvPRXP_9x6JLVXYqsy54J8', NULL, NULL, '2020-11-03 18:04:15', '2020-11-03 18:04:15');
INSERT INTO `user` VALUES (337, 'o-lGo5GdglkBHg-gDWMvzg0PjX0w', NULL, NULL, '2020-11-03 18:05:09', '2020-11-03 18:05:09');
INSERT INTO `user` VALUES (338, 'o-lGo5LHFNw8e7WX6m3RjbKwXn_U', NULL, NULL, '2020-11-03 18:05:35', '2020-11-03 18:05:35');
INSERT INTO `user` VALUES (339, 'o-lGo5H--jRx9WiQzJiW27pCRvno', NULL, NULL, '2020-11-03 18:07:23', '2020-11-03 18:07:23');
INSERT INTO `user` VALUES (340, 'o-lGo5CqJ770IvYLPrHaItg1Or9Q', NULL, NULL, '2020-11-03 18:07:38', '2020-11-03 18:07:38');
INSERT INTO `user` VALUES (341, 'o-lGo5K3nU7X4n0amOCNGVE9J9V4', NULL, NULL, '2020-11-03 18:09:39', '2020-11-03 18:09:39');
INSERT INTO `user` VALUES (343, 'o-lGo5BZEn6MEZd6mexB3dGCUwAo', NULL, NULL, '2020-11-03 18:11:31', '2020-11-03 18:11:31');
INSERT INTO `user` VALUES (344, 'o-lGo5Ocokz1JR-mNBtrqMqD1uKc', NULL, NULL, '2020-11-03 18:11:48', '2020-11-03 18:11:48');
INSERT INTO `user` VALUES (345, 'o-lGo5Obh-QGbNs9ilXN9ITNVLRo', NULL, NULL, '2020-11-03 18:13:24', '2020-11-03 18:13:24');
INSERT INTO `user` VALUES (346, 'o-lGo5CVD0t8H8eTmqbc3w506JkA', NULL, NULL, '2020-11-03 18:16:34', '2020-11-03 18:16:34');
INSERT INTO `user` VALUES (347, 'o-lGo5MfyFBjPMQQyOGREgVOYce8', NULL, NULL, '2020-11-03 18:17:45', '2020-11-03 18:17:45');
INSERT INTO `user` VALUES (348, 'o-lGo5GunCom3wpM2w5Xge4YzbQY', NULL, NULL, '2020-11-03 18:18:26', '2020-11-03 18:18:26');
INSERT INTO `user` VALUES (349, 'o-lGo5NdoQb-Aefg_uT-CBPIz5Xo', NULL, NULL, '2020-11-03 18:26:35', '2020-11-03 18:26:35');
INSERT INTO `user` VALUES (350, 'o-lGo5MW7wVqTGtjzeul_lHyzoaQ', NULL, NULL, '2020-11-03 18:38:58', '2020-11-03 18:38:58');
INSERT INTO `user` VALUES (351, 'o-lGo5NgRgIvRx5LGyyqBhAdNOPE', NULL, NULL, '2020-11-03 18:47:14', '2020-11-03 18:47:14');
INSERT INTO `user` VALUES (352, 'o-lGo5DOiRIQC-eXxmFEMrC2HHoE', NULL, NULL, '2020-11-03 18:56:45', '2020-11-03 18:56:45');
INSERT INTO `user` VALUES (353, 'o-lGo5AdoPmDhvK5_PY_czcWgL7I', NULL, NULL, '2020-11-03 19:04:17', '2020-11-03 19:04:17');
INSERT INTO `user` VALUES (354, 'o-lGo5Nt0sh8WfEyzMZdSD-EKyYs', NULL, NULL, '2020-11-03 19:51:38', '2020-11-03 19:51:38');
INSERT INTO `user` VALUES (355, 'o-lGo5Hqep95Y1MrPX5QGcTi4JgA', NULL, NULL, '2020-11-03 20:31:20', '2020-11-03 20:31:20');
INSERT INTO `user` VALUES (356, 'o-lGo5P79ynQ1LOsjWOxwkSpVPGY', NULL, NULL, '2020-11-03 20:45:22', '2020-11-03 20:45:22');
INSERT INTO `user` VALUES (357, 'o-lGo5KNkuwvpVnr2oShqNnlrot4', NULL, NULL, '2020-11-03 21:00:09', '2020-11-03 21:00:09');
INSERT INTO `user` VALUES (358, 'o-lGo5J5AzN1gmNaRl7u_LxvIa64', NULL, NULL, '2020-11-03 21:43:07', '2020-11-03 21:43:07');
INSERT INTO `user` VALUES (359, 'o-lGo5Ffa_PC4KEt8AAXE2ZQJlAE', NULL, NULL, '2020-11-03 22:05:27', '2020-11-03 22:05:27');
INSERT INTO `user` VALUES (360, 'o-lGo5Jpu6Ap1bxFOIx6l667rmLw', NULL, NULL, '2020-11-03 22:50:34', '2020-11-03 22:50:34');
INSERT INTO `user` VALUES (361, 'o-lGo5EhuwaBlqeEdVJd7qX8KwXM', NULL, NULL, '2020-11-03 23:08:21', '2020-11-03 23:08:21');
INSERT INTO `user` VALUES (362, 'o-lGo5Hc4bzSss1Uexnbk47IzPvo', NULL, NULL, '2020-11-03 23:36:41', '2020-11-03 23:36:41');
INSERT INTO `user` VALUES (363, 'o-lGo5AnkqJtJ_rHMBWzO4PgBdVk', NULL, NULL, '2020-11-03 23:39:10', '2020-11-03 23:39:10');
INSERT INTO `user` VALUES (364, 'o-lGo5IDsD2fKWcYOPjdyAovpQWk', NULL, NULL, '2020-11-04 00:31:25', '2020-11-04 00:31:25');
INSERT INTO `user` VALUES (365, 'o-lGo5JKPEMXebyQ35p_EZkE2aYU', NULL, NULL, '2020-11-04 10:15:52', '2020-11-04 10:15:52');
INSERT INTO `user` VALUES (366, 'o-lGo5EodMdeajPkpUUhHBpopChI', NULL, NULL, '2020-11-04 10:28:07', '2020-11-04 10:28:07');
INSERT INTO `user` VALUES (367, 'o-lGo5Oy9_wz9_UpZTGO3xMFbOn8', NULL, NULL, '2020-11-04 10:39:34', '2020-11-04 10:39:34');
INSERT INTO `user` VALUES (368, 'o-lGo5BmEKHoaEs_tlRSMUgGqgJs', NULL, NULL, '2020-11-04 10:53:58', '2020-11-04 10:53:58');
INSERT INTO `user` VALUES (369, 'o-lGo5JwJuzdL_TngeLt2k2i8PGI', NULL, NULL, '2020-11-04 10:57:00', '2020-11-04 10:57:00');
INSERT INTO `user` VALUES (370, 'o-lGo5GeAYvw5VW68rzkxj9lOWcE', NULL, NULL, '2020-11-04 11:39:43', '2020-11-04 11:39:43');
INSERT INTO `user` VALUES (371, 'o-lGo5HxWoNV_qaO2mCO9y1I32eI', NULL, NULL, '2020-11-04 14:27:13', '2020-11-04 14:27:13');
INSERT INTO `user` VALUES (372, 'o-lGo5KGTgzC6FWmMvBjO8-ti_Jc', NULL, NULL, '2020-11-04 15:12:41', '2020-11-04 15:12:41');
INSERT INTO `user` VALUES (373, 'o-lGo5BEw6QerHhSBuVZPGuEmA7U', NULL, NULL, '2020-11-04 18:15:04', '2020-11-04 18:15:04');
INSERT INTO `user` VALUES (374, 'o-lGo5LydJoqQ6JtIDdaxVYqY7d8', NULL, NULL, '2020-11-04 18:28:35', '2020-11-04 18:28:35');
INSERT INTO `user` VALUES (375, 'o-lGo5GSQSYmS93NRZK9_vEu5_I4', NULL, NULL, '2020-11-04 18:35:57', '2020-11-04 18:35:57');
INSERT INTO `user` VALUES (376, 'o-lGo5Hx_jNPw5llFfRccKwra0j0', NULL, NULL, '2020-11-04 19:38:11', '2020-11-04 19:38:11');
INSERT INTO `user` VALUES (377, 'o-lGo5NF6jJF0rtao01dPk0wss5M', NULL, NULL, '2020-11-04 20:35:22', '2020-11-04 20:35:22');
INSERT INTO `user` VALUES (378, 'o-lGo5Iic18Sm4k9CVHRdjhgZblw', NULL, NULL, '2020-11-04 20:47:15', '2020-11-04 20:47:15');
INSERT INTO `user` VALUES (379, 'o-lGo5LvGhb1KmncJrowHnlih3t8', NULL, NULL, '2020-11-05 06:52:05', '2020-11-05 06:52:05');
INSERT INTO `user` VALUES (380, 'o-lGo5LvGhb1KmncJrowHnlih3t8', NULL, NULL, '2020-11-05 06:52:05', '2020-11-05 06:52:05');
INSERT INTO `user` VALUES (381, 'o-lGo5FPIX3QmmuL55nMU-ZmqA-s', NULL, NULL, '2020-11-05 09:33:58', '2020-11-05 09:33:58');
INSERT INTO `user` VALUES (382, 'o-lGo5B126I1oDe-78F-JGPGJ8-o', NULL, NULL, '2020-11-05 09:46:19', '2020-11-05 09:46:19');
INSERT INTO `user` VALUES (383, 'o-lGo5CsC6-CnyFQdyasvLG1pw-A', NULL, NULL, '2020-11-05 10:27:50', '2020-11-05 10:27:50');
INSERT INTO `user` VALUES (384, 'o-lGo5O9-LgjdW8xN76vzKUOY2D8', NULL, NULL, '2020-11-05 11:08:28', '2020-11-05 11:08:28');
INSERT INTO `user` VALUES (385, 'o-lGo5EGath_kG0guhMwVlXY-Trk', NULL, NULL, '2020-11-05 11:09:02', '2020-11-05 11:09:02');
INSERT INTO `user` VALUES (386, 'o-lGo5AhJ9p19IbI3pwLD8R_kKw0', NULL, NULL, '2020-11-05 11:44:06', '2020-11-05 11:44:06');
INSERT INTO `user` VALUES (387, 'o-lGo5HWsIeHTs2STSuZa1G0fDtk', NULL, NULL, '2020-11-05 14:17:57', '2020-11-05 14:17:57');
INSERT INTO `user` VALUES (388, 'o-lGo5MT3uxnSK4VWMY_AZr85tYI', NULL, NULL, '2020-11-05 17:26:59', '2020-11-05 17:26:59');
INSERT INTO `user` VALUES (389, 'o-lGo5D0G0FN0K_CqQ-wiIIPRW-c', NULL, NULL, '2020-11-05 17:32:25', '2020-11-05 17:32:25');
INSERT INTO `user` VALUES (390, 'o-lGo5J0y_vb-Ig7yniYPoxPXoAk', NULL, NULL, '2020-11-05 17:55:19', '2020-11-05 17:55:19');
INSERT INTO `user` VALUES (391, 'o-lGo5LFuWAl0BWQfze3gYifgVKQ', NULL, NULL, '2020-11-05 18:10:12', '2020-11-05 18:10:12');
INSERT INTO `user` VALUES (392, 'o-lGo5LVxwd-Ye1k5S8BUXZEl33M', NULL, NULL, '2020-11-05 21:45:29', '2020-11-05 21:45:29');
INSERT INTO `user` VALUES (393, 'o-lGo5Bxuuj8mD0kdKRGOMyL0gec', NULL, NULL, '2020-11-06 03:20:02', '2020-11-06 03:20:02');
INSERT INTO `user` VALUES (396, 'o-lGo5Nydoqd1BJPfn_QQkM5S1JE', NULL, NULL, '2020-11-06 09:07:11', '2020-11-06 09:07:11');
INSERT INTO `user` VALUES (399, 'o-lGo5IUlyPQhrvLJ3SVZbyKVKvI', NULL, NULL, '2020-11-06 10:58:55', '2020-11-06 10:58:55');
INSERT INTO `user` VALUES (402, 'o-lGo5H7rHnBvKeCda10tYByIzzA', NULL, NULL, '2020-11-06 11:27:55', '2020-11-06 11:27:55');
INSERT INTO `user` VALUES (403, 'o-lGo5BlNg73cqnmR0Vab-SIAVt8', NULL, NULL, '2020-11-06 17:48:55', '2020-11-06 17:48:55');
INSERT INTO `user` VALUES (404, 'o-lGo5BlNg73cqnmR0Vab-SIAVt8', NULL, NULL, '2020-11-06 17:48:55', '2020-11-06 17:48:55');
INSERT INTO `user` VALUES (405, 'o-lGo5BlNg73cqnmR0Vab-SIAVt8', NULL, NULL, '2020-11-06 17:48:55', '2020-11-06 17:48:55');
INSERT INTO `user` VALUES (406, 'o-lGo5EZ-hE1siLYPsmHmuKvsQZ0', NULL, NULL, '2020-11-06 23:08:10', '2020-11-06 23:08:10');
INSERT INTO `user` VALUES (407, 'o-lGo5EZ-hE1siLYPsmHmuKvsQZ0', NULL, NULL, '2020-11-06 23:08:10', '2020-11-06 23:08:10');
INSERT INTO `user` VALUES (408, 'o-lGo5EZ-hE1siLYPsmHmuKvsQZ0', NULL, NULL, '2020-11-06 23:08:10', '2020-11-06 23:08:10');
INSERT INTO `user` VALUES (409, 'o-lGo5GzWSWKBGL2tclw88Ewe958', NULL, NULL, '2020-11-07 01:10:37', '2020-11-07 01:10:37');
INSERT INTO `user` VALUES (412, 'o-lGo5BeCxq2aLymkiCgQfhOCOeM', NULL, NULL, '2020-11-07 06:30:35', '2020-11-07 06:30:35');
INSERT INTO `user` VALUES (413, 'o-lGo5BeCxq2aLymkiCgQfhOCOeM', NULL, NULL, '2020-11-07 06:30:35', '2020-11-07 06:30:35');
INSERT INTO `user` VALUES (414, 'o-lGo5Hsa92LJb1AaEBzeLyFSXsY', NULL, NULL, '2020-11-07 08:41:40', '2020-11-07 08:41:40');
INSERT INTO `user` VALUES (415, 'o-lGo5Hsa92LJb1AaEBzeLyFSXsY', NULL, NULL, '2020-11-07 08:41:40', '2020-11-07 08:41:40');
INSERT INTO `user` VALUES (416, 'o-lGo5Hsa92LJb1AaEBzeLyFSXsY', NULL, NULL, '2020-11-07 08:41:40', '2020-11-07 08:41:40');
INSERT INTO `user` VALUES (417, 'o-lGo5HtMEFLNogg7QjCWAst_dMU', NULL, NULL, '2020-11-07 09:56:23', '2020-11-07 09:56:23');
INSERT INTO `user` VALUES (419, 'o-lGo5L9V8CCm3HZNR1TrWr8OzQI', NULL, NULL, '2020-11-07 11:18:15', '2020-11-07 11:18:15');
INSERT INTO `user` VALUES (420, 'o-lGo5CvrxrX3uUhyurURPseBOIE', NULL, NULL, '2020-11-07 12:00:27', '2020-11-07 12:00:27');
INSERT INTO `user` VALUES (421, 'o-lGo5CtWLRuFq6udpeuanayTmzU', NULL, NULL, '2020-11-07 16:03:36', '2020-11-07 16:03:36');
INSERT INTO `user` VALUES (424, 'o-lGo5HUTDwi-RaLjkwUVo1N1k9c', NULL, NULL, '2020-11-07 16:10:11', '2020-11-07 16:10:11');
INSERT INTO `user` VALUES (425, 'o-lGo5Dz33Nkfz4pDdGG6s8Y8XPA', NULL, NULL, '2020-11-08 20:01:46', '2020-11-08 20:01:46');
INSERT INTO `user` VALUES (426, 'o-lGo5PyTnBAgWOfbuL_kpYqrBGM', NULL, NULL, '2020-11-09 10:42:30', '2020-11-09 10:42:30');
INSERT INTO `user` VALUES (427, 'o-lGo5OwEOE6_Ab8G4rdEe8Y33sU', NULL, NULL, '2020-11-09 11:03:20', '2020-11-09 11:03:20');
INSERT INTO `user` VALUES (428, 'o-lGo5P4kIM30RRnna_DtklRpWEk', NULL, NULL, '2020-11-09 12:11:17', '2020-11-09 12:11:17');
INSERT INTO `user` VALUES (429, 'o-lGo5OQ3Lw6s3G1ZpXVaXxawvaI', NULL, NULL, '2020-11-09 17:31:24', '2020-11-09 17:31:24');
INSERT INTO `user` VALUES (430, 'o-lGo5NOfxiPXC208j8tZwNw_zNM', NULL, NULL, '2020-11-09 17:39:47', '2020-11-09 17:39:47');
INSERT INTO `user` VALUES (431, 'o-lGo5PFjcqpHmhrQRKb_QsHv-_o', NULL, NULL, '2020-11-09 20:19:10', '2020-11-09 20:19:10');
INSERT INTO `user` VALUES (432, 'o-lGo5MdAbJXI7wm7aozDRhQ0NKU', NULL, NULL, '2020-11-09 21:21:08', '2020-11-09 21:21:08');
INSERT INTO `user` VALUES (433, 'o-lGo5Pk-nBPOhIYYQzWwWvtjsG0', NULL, NULL, '2020-11-10 04:01:33', '2020-11-10 04:01:33');
INSERT INTO `user` VALUES (434, 'o-lGo5ERt6fyiH45KLKEZNZuqeqw', NULL, NULL, '2020-11-10 04:56:56', '2020-11-10 04:56:56');
INSERT INTO `user` VALUES (435, 'o-lGo5M3wpVvjNbitgCycyFDELzU', NULL, NULL, '2020-11-10 05:59:24', '2020-11-10 05:59:24');
INSERT INTO `user` VALUES (436, 'o-lGo5N2gZHQh8WLhGHn_ea6zgbc', NULL, NULL, '2020-11-10 08:19:09', '2020-11-10 08:19:09');
INSERT INTO `user` VALUES (437, 'o-lGo5FxMbHgG9pftwGlbDRjAm5M', NULL, NULL, '2020-11-10 09:59:20', '2020-11-10 09:59:20');
INSERT INTO `user` VALUES (438, 'o-lGo5M7MgELs6XoiOUUmadSmOfM', NULL, NULL, '2020-11-10 10:05:25', '2020-11-10 10:05:25');
INSERT INTO `user` VALUES (439, 'o-lGo5OMjh0b0qDPrtrkVSr54-hM', NULL, NULL, '2020-11-10 15:01:14', '2020-11-10 15:01:14');
INSERT INTO `user` VALUES (440, 'o-lGo5NxMSXVrSMGhLm1UnpyXXdk', NULL, NULL, '2020-11-11 00:53:50', '2020-11-11 00:53:50');
INSERT INTO `user` VALUES (441, 'o-lGo5JLiTsGzSHu3o3cXHgzwPxY', NULL, NULL, '2020-11-11 09:21:06', '2020-11-11 09:21:06');
INSERT INTO `user` VALUES (442, 'o-lGo5EhZNCh4ASgj14HU_Fe6X54', NULL, NULL, '2020-11-11 13:46:16', '2020-11-11 13:46:16');
INSERT INTO `user` VALUES (443, 'o-lGo5H37Z_Y2eThmlkd2UfNJf2c', NULL, NULL, '2020-11-11 17:10:46', '2020-11-11 17:10:46');
INSERT INTO `user` VALUES (445, 'o-lGo5PJfXwMJC-JsGOJJDPlD2Fs', NULL, NULL, '2020-11-11 17:50:31', '2020-11-11 17:50:31');
INSERT INTO `user` VALUES (446, 'o-lGo5MSe2c-jV0boucedSBbNqGc', NULL, NULL, '2020-11-11 18:52:24', '2020-11-11 18:52:24');
INSERT INTO `user` VALUES (447, 'o-lGo5P5c4xg5xmZ4Jv6oCbHSOZ4', NULL, NULL, '2020-11-11 21:19:25', '2020-11-11 21:19:25');
INSERT INTO `user` VALUES (448, 'o-lGo5LVCNe2xbyJN4WiMotXdc_A', NULL, NULL, '2020-11-12 07:12:56', '2020-11-12 07:12:56');
INSERT INTO `user` VALUES (449, 'o-lGo5L7ez7BLsnGctlFcOOHI7_A', NULL, NULL, '2020-11-12 11:43:40', '2020-11-12 11:43:40');
INSERT INTO `user` VALUES (451, 'o-lGo5MCmFAchYrqyPIGC-4457jM', NULL, NULL, '2020-11-12 19:26:23', '2020-11-12 19:26:23');
INSERT INTO `user` VALUES (452, 'o-lGo5MxSXVHmpDUtoBnM84lov1A', NULL, NULL, '2020-11-12 23:34:38', '2020-11-12 23:34:38');
INSERT INTO `user` VALUES (453, 'o-lGo5Oljkqb0o9-LUyjRG8X5JOc', NULL, NULL, '2020-11-13 16:23:06', '2020-11-13 16:23:06');
INSERT INTO `user` VALUES (454, 'o-lGo5IROQBcSg6O5bP-sWKdTZBw', NULL, NULL, '2020-11-13 19:17:31', '2020-11-13 19:17:31');
INSERT INTO `user` VALUES (455, 'o-lGo5LIR6ALT3QkGvjddx-dVkxs', NULL, NULL, '2020-11-13 19:21:54', '2020-11-13 19:21:54');
INSERT INTO `user` VALUES (456, 'o-lGo5BCzUc-ffF9jDkPVNC5x7Cc', NULL, NULL, '2020-11-14 03:45:16', '2020-11-14 03:45:16');
INSERT INTO `user` VALUES (457, 'o-lGo5N1kftVHcBT7b__65O0iM_E', NULL, NULL, '2020-11-17 23:10:50', '2020-11-17 23:10:50');
INSERT INTO `user` VALUES (458, 'o-lGo5KSSM55a2D0Jl673jIndpIk', NULL, NULL, '2020-11-18 09:42:38', '2020-11-18 09:42:38');
INSERT INTO `user` VALUES (459, 'o-lGo5AJ4sWKbO_FHUaMt3fcOC1A', NULL, NULL, '2020-11-18 09:43:04', '2020-11-18 09:43:04');
INSERT INTO `user` VALUES (460, 'o-lGo5BFWFR2U88YP2Dsq9XSlIQE', NULL, NULL, '2020-11-18 09:43:40', '2020-11-18 09:43:40');
INSERT INTO `user` VALUES (461, 'o-lGo5MUK5BDaV5yymZ6tZ1YP7iU', NULL, NULL, '2020-11-18 09:44:34', '2020-11-18 09:44:34');
INSERT INTO `user` VALUES (462, 'o-lGo5B-gqdG9z4dXI8PjKZyzJVw', NULL, NULL, '2020-11-18 09:45:38', '2020-11-18 09:45:38');
INSERT INTO `user` VALUES (463, 'o-lGo5DWZsNN4mgmG_zmYJZyYtRA', NULL, NULL, '2020-11-18 11:03:52', '2020-11-18 11:03:52');
INSERT INTO `user` VALUES (464, 'o-lGo5JtSbLK0aDvpHoOi5t7tlw0', NULL, NULL, '2020-11-18 11:14:39', '2020-11-18 11:14:39');
INSERT INTO `user` VALUES (465, 'o-lGo5F5rdHEXpK_rxRcEP90TRdw', NULL, NULL, '2020-11-18 18:21:28', '2020-11-18 18:21:28');
INSERT INTO `user` VALUES (466, 'o-lGo5PCL_EEJLVXOvKRqifNDCmU', NULL, NULL, '2020-11-19 16:49:42', '2020-11-19 16:49:42');
INSERT INTO `user` VALUES (467, 'o-lGo5DmVweqYL1dlAq4E94kjR0M', NULL, NULL, '2020-11-19 17:37:05', '2020-11-19 17:37:05');
INSERT INTO `user` VALUES (468, 'o-lGo5GtUWRcSDU034rFmDCWCR5w', NULL, NULL, '2020-11-20 04:33:13', '2020-11-20 04:33:13');
INSERT INTO `user` VALUES (469, 'o-lGo5N0xvGUZFzKpQn-duOX116c', NULL, NULL, '2020-11-22 02:24:07', '2020-11-22 02:24:07');
INSERT INTO `user` VALUES (470, 'o-lGo5Ppk2ujNUDvTvQvJtp-WUyo', NULL, NULL, '2020-11-23 12:08:23', '2020-11-23 12:08:23');
INSERT INTO `user` VALUES (471, 'o-lGo5Ec0tLvZGKLoTV0XOkKbrWk', NULL, NULL, '2020-11-23 16:10:36', '2020-11-23 16:10:36');
INSERT INTO `user` VALUES (472, 'o-lGo5El1o5Z3ZPZdlxCWiVAEQXM', NULL, NULL, '2020-11-26 00:05:49', '2020-11-26 00:05:49');
INSERT INTO `user` VALUES (473, 'o-lGo5LIWpyVetLUqmNN-XkKg8Q8', NULL, NULL, '2020-11-26 05:56:25', '2020-11-26 05:56:25');
INSERT INTO `user` VALUES (474, 'o-lGo5I8yDUkU8WidfxUJGHKcVFg', NULL, NULL, '2020-11-27 02:14:28', '2020-11-27 02:14:28');
INSERT INTO `user` VALUES (475, 'o-lGo5NMJkmfPxTROaNpLgGlarxA', NULL, NULL, '2020-11-27 12:05:10', '2020-11-27 12:05:10');
INSERT INTO `user` VALUES (476, 'o-lGo5DyrGx9G2FU0DO9zAXf_ypw', NULL, NULL, '2020-11-27 23:12:50', '2020-11-27 23:12:50');
INSERT INTO `user` VALUES (477, 'o-lGo5DyrGx9G2FU0DO9zAXf_ypw', NULL, NULL, '2020-11-27 23:12:50', '2020-11-27 23:12:50');
INSERT INTO `user` VALUES (478, 'o-lGo5OeX69UQ-U0_ZUarcsmK_1U', NULL, NULL, '2020-11-28 22:35:46', '2020-11-28 22:35:46');
INSERT INTO `user` VALUES (479, 'o-lGo5A2UZLE2YmUekww9KSkF2XI', NULL, NULL, '2020-11-29 23:33:08', '2020-11-29 23:33:08');
INSERT INTO `user` VALUES (480, 'o-lGo5H7IdIO5rCsshnoyfSNKvn8', NULL, NULL, '2020-12-02 11:22:25', '2020-12-02 11:22:25');
INSERT INTO `user` VALUES (481, 'o-lGo5LEzY4vvjFhgCjREVFlPCWs', NULL, NULL, '2020-12-02 14:54:26', '2020-12-02 14:54:26');
INSERT INTO `user` VALUES (482, 'o-lGo5OKI2hgzBCsHaVvitEyURxI', NULL, NULL, '2020-12-02 18:34:42', '2020-12-02 18:34:42');
INSERT INTO `user` VALUES (483, 'o-lGo5KwMOFleb98QogXIRbZmEBE', NULL, NULL, '2020-12-03 14:40:31', '2020-12-03 14:40:31');
INSERT INTO `user` VALUES (484, 'o-lGo5IyOiuQ5d0EdGtxWj2NEknU', NULL, NULL, '2020-12-04 02:32:57', '2020-12-04 02:32:57');
INSERT INTO `user` VALUES (485, 'o-lGo5Lc0y1Viciw-HZYHBW4wBB0', NULL, NULL, '2020-12-04 02:48:50', '2020-12-04 02:48:50');
INSERT INTO `user` VALUES (486, 'o-lGo5GftQyUYuw_c_zvgnRGPS8w', NULL, NULL, '2020-12-04 04:58:40', '2020-12-04 04:58:40');
INSERT INTO `user` VALUES (487, 'o-lGo5M0IjEjra3FWyfpuvh5NkeE', NULL, NULL, '2020-12-04 11:10:58', '2020-12-04 11:10:58');
INSERT INTO `user` VALUES (488, 'o-lGo5DKGqgtI3Sd-60FpssmBHEg', NULL, NULL, '2020-12-05 15:54:49', '2020-12-05 15:54:49');
INSERT INTO `user` VALUES (489, 'o-lGo5BHLAu01d7vMJoV0_QypHyA', NULL, NULL, '2020-12-08 04:01:48', '2020-12-08 04:01:48');
INSERT INTO `user` VALUES (490, 'o-lGo5MYeCYt37rSsiHPV3Vu7k50', NULL, NULL, '2020-12-09 10:12:41', '2020-12-09 10:12:41');
INSERT INTO `user` VALUES (491, 'o-lGo5C3oN66Jljqwk1fF4BYDbLM', NULL, NULL, '2020-12-09 17:51:32', '2020-12-09 17:51:32');
INSERT INTO `user` VALUES (492, 'o-lGo5B7brM50RGyraCvnun9MZqw', NULL, NULL, '2020-12-10 11:31:17', '2020-12-10 11:31:17');
INSERT INTO `user` VALUES (493, 'o-lGo5OGp5HjTHh5T1n5GRke5z3A', NULL, NULL, '2020-12-10 15:04:49', '2020-12-10 15:04:49');
INSERT INTO `user` VALUES (494, 'o-lGo5HBfr8Prneusm7TuRFVyYWM', NULL, NULL, '2020-12-10 19:38:38', '2020-12-10 19:38:38');
INSERT INTO `user` VALUES (495, 'o-lGo5Gmd0WfpzytdFLOgG5oFvpk', NULL, NULL, '2020-12-11 00:06:02', '2020-12-11 00:06:02');
INSERT INTO `user` VALUES (496, 'o-lGo5ImoxBFlMOhpasUGL_QaA28', NULL, NULL, '2020-12-11 04:38:51', '2020-12-11 04:38:51');
INSERT INTO `user` VALUES (497, 'o-lGo5EYmcUlyvOMdsOc6aHSr44k', NULL, NULL, '2020-12-12 02:35:27', '2020-12-12 02:35:27');
INSERT INTO `user` VALUES (498, 'o-lGo5GSwyCawbMnM-0CwRaovWoU', NULL, NULL, '2020-12-13 12:59:11', '2020-12-13 12:59:11');
INSERT INTO `user` VALUES (499, 'o-lGo5CAhlIR_r8tFhAElza1M5rI', NULL, NULL, '2020-12-14 09:29:09', '2020-12-14 09:29:09');
INSERT INTO `user` VALUES (500, 'o-lGo5K9HngK0PT8IQuYx9-ukkzs', NULL, NULL, '2020-12-15 17:27:23', '2020-12-15 17:27:23');
INSERT INTO `user` VALUES (501, 'o-lGo5E3_rex6SWY6nVHJo9Fqz6c', NULL, NULL, '2020-12-16 11:50:50', '2020-12-16 11:50:50');
INSERT INTO `user` VALUES (502, 'o-lGo5E3_rex6SWY6nVHJo9Fqz6c', NULL, NULL, '2020-12-16 11:50:50', '2020-12-16 11:50:50');
INSERT INTO `user` VALUES (503, 'o-lGo5OWSDk5FM0lscU-Mwv19sTQ', NULL, NULL, '2020-12-16 13:56:42', '2020-12-16 13:56:42');
INSERT INTO `user` VALUES (504, 'o-lGo5Ha_oipcLs9MWqCIw1bAUhU', NULL, NULL, '2020-12-17 04:17:23', '2020-12-17 04:17:23');
INSERT INTO `user` VALUES (505, 'o-lGo5LRT7kdCUeHLENKoDwLLQSA', NULL, NULL, '2020-12-17 17:12:44', '2020-12-17 17:12:44');
INSERT INTO `user` VALUES (506, 'o-lGo5Eq6TT9OL1PdOTOmVkd7wNQ', NULL, NULL, '2020-12-18 01:53:29', '2020-12-18 01:53:29');
INSERT INTO `user` VALUES (507, 'o-lGo5HumPCUn4GMQ3T-aRu4izew', NULL, NULL, '2020-12-20 03:32:22', '2020-12-20 03:32:22');
INSERT INTO `user` VALUES (508, 'o-lGo5E-GUmNncnejpmv5ZtEkqds', NULL, NULL, '2020-12-24 03:46:16', '2020-12-24 03:46:16');
INSERT INTO `user` VALUES (509, 'o-lGo5Gl_xMNaBEUNdvbk1n8azaU', NULL, NULL, '2020-12-24 12:03:16', '2020-12-24 12:03:16');
INSERT INTO `user` VALUES (510, 'o-lGo5K9wk-3QaNT4THCH4bjnjKA', NULL, NULL, '2020-12-24 12:09:58', '2020-12-24 12:09:58');
INSERT INTO `user` VALUES (511, 'o-lGo5Kt9HjI-LGAHCywpw_NzTyI', NULL, NULL, '2020-12-24 15:14:07', '2020-12-24 15:14:07');
INSERT INTO `user` VALUES (512, 'o-lGo5HNhsthkH3Gw-48GX7fb3Uo', NULL, NULL, '2020-12-24 23:05:41', '2020-12-24 23:05:41');
INSERT INTO `user` VALUES (513, 'o-lGo5HgGnB3xJ3vPrz5n00O8oi0', NULL, NULL, '2020-12-25 16:45:01', '2020-12-25 16:45:01');
INSERT INTO `user` VALUES (514, 'o-lGo5OaC9APTPsI8nVy8bHQmkKU', NULL, NULL, '2020-12-27 14:37:20', '2020-12-27 14:37:20');
INSERT INTO `user` VALUES (515, 'o-lGo5Fn8zQC8FA9wFzEvJj7rLwo', NULL, NULL, '2020-12-28 04:02:16', '2020-12-28 04:02:16');
INSERT INTO `user` VALUES (516, 'o-lGo5FnPIOuLjo518LGLdXSEE-Q', NULL, NULL, '2020-12-28 06:28:29', '2020-12-28 06:28:29');
INSERT INTO `user` VALUES (517, 'o-lGo5KHq7q5xIjEK47p99SjfImo', NULL, NULL, '2020-12-29 01:07:27', '2020-12-29 01:07:27');
INSERT INTO `user` VALUES (518, 'o-lGo5FT4IhTRWrAzLJFgi2bN83s', NULL, NULL, '2020-12-29 20:02:30', '2020-12-29 20:02:30');
INSERT INTO `user` VALUES (519, 'o-lGo5KvPK9eXzvRSEYS48KVOE54', NULL, NULL, '2020-12-30 21:38:10', '2020-12-30 21:38:10');
INSERT INTO `user` VALUES (520, 'o-lGo5JoEHOHBbpBetYSmNf0etRY', NULL, NULL, '2021-01-01 01:28:48', '2021-01-01 01:28:48');
INSERT INTO `user` VALUES (521, 'o-lGo5OnRHay6b_7srNp7eiYI7nw', NULL, NULL, '2021-01-01 04:55:30', '2021-01-01 04:55:30');
INSERT INTO `user` VALUES (522, 'o-lGo5FShJcaNglVRvcYOCwHw1dU', NULL, NULL, '2021-01-02 03:34:33', '2021-01-02 03:34:33');
INSERT INTO `user` VALUES (523, 'o-lGo5NMvOFjRhdo-BupHmQWwM7s', NULL, NULL, '2021-01-04 23:12:58', '2021-01-04 23:12:58');
INSERT INTO `user` VALUES (524, 'o-lGo5BBHIgB6QhzNpEPqEN4tB40', NULL, NULL, '2021-01-05 05:44:19', '2021-01-05 05:44:19');
INSERT INTO `user` VALUES (525, 'o-lGo5I1BnyzMTBxyi6o65Z3jbog', NULL, NULL, '2021-01-05 13:13:02', '2021-01-05 13:13:02');
INSERT INTO `user` VALUES (526, 'o-lGo5OD72eYsoxPXiBI9e9fGDDY', NULL, NULL, '2021-01-06 01:20:48', '2021-01-06 01:20:48');
INSERT INTO `user` VALUES (527, 'o-lGo5GbunWRMEPO1qFr4lHMayDk', NULL, NULL, '2021-01-06 09:24:01', '2021-01-06 09:24:01');
INSERT INTO `user` VALUES (528, 'o-lGo5Mq_Fun7dxXI1Pf-rvK0EWY', NULL, NULL, '2021-01-06 17:47:30', '2021-01-06 17:47:30');
INSERT INTO `user` VALUES (529, 'o-lGo5KfGMABHep_POUcMXvRR60k', NULL, NULL, '2021-01-07 10:36:53', '2021-01-07 10:36:53');
INSERT INTO `user` VALUES (530, 'o-lGo5KfGMABHep_POUcMXvRR60k', NULL, NULL, '2021-01-07 10:36:53', '2021-01-07 10:36:53');
INSERT INTO `user` VALUES (531, 'o-lGo5IG4qJS0sZxWzgU4Z8R-jvU', NULL, NULL, '2021-01-08 07:49:19', '2021-01-08 07:49:19');
INSERT INTO `user` VALUES (532, 'o-lGo5GIprUMdXkEbs-ERfF95Ij4', NULL, NULL, '2021-01-08 23:52:29', '2021-01-08 23:52:29');
INSERT INTO `user` VALUES (533, 'o-lGo5JoWCS8SbPmk-g53LXj1E84', NULL, NULL, '2021-01-09 04:55:45', '2021-01-09 04:55:45');
COMMIT;

SET FOREIGN_KEY_CHECKS = 1;
